time,temperature,moisture
1609531200,25,0.25
1609531800,25.1,0.255
1609532400,25.2,0.252
1609533000,25.3,0.25
1609533600,25.4,0.251
1609534200,25.5,0.249
1609534800,25.6,0.246
1609535400,25.7,0.244
1609536000,25.8,0.241
1609536600,25.9,0.238
1609537200,26.0,0.236
1609537800,26.1,0.237
1609538400,26.2,0.234
1609539000,26.3,0.239
1609539600,26.4,0.236
1609540200,26.5,0.241
1609540800,26.6,0.238
1609541400,26.7,0.239
1609542000,26.8,0.237
1609542600,26.9,0.238
1609543200,27.0,0.235
1609543800,27.1,0.24
1609544400,27.2,0.237
1609545000,27.3,0.234
1609545600,27.4,0.232
1609546200,27.3,0.236
1609546800,27.2,0.233
1609547400,27.1,0.238
1609548000,27.0,0.242
1609548600,26.9,0.247
1609549200,26.8,0.244
1609549800,26.7,0.242
1609550400,26.6,0.239
1609551000,26.5,0.236
1609551600,26.4,0.241
1609552200,26.3,0.242
1609552800,26.2,0.239
1609553400,26.1,0.237
1609554000,26.0,0.234
1609554600,25.9,0.235
1609555200,25.8,0.233
1609555800,25.7,0.234
1609556400,25.6,0.239
1609557000,25.5,0.236
1609557600,25.4,0.234
1609558200,25.3,0.231
1609558800,25.2,0.229
1609559400,25.1,0.234
1609560000,25.0,0.239
1609560600,24.9,0.24
1609561200,24.8,0.237
1609561800,24.7,0.242
1609562400,24.6,0.24
1609563000,24.5,0.237
1609563600,24.4,0.235
1609564200,24.3,0.232
1609564800,24.2,0.23
1609565400,24.1,0.228
1609566000,24.0,0.233
1609566600,23.9,0.23
1609567200,23.8,0.228
1609567800,23.7,0.233
1609568400,23.6,0.235
1609569000,23.5,0.232
1609569600,23.4,0.234
1609570200,23.3,0.231
1609570800,23.2,0.237
1609571400,23.1,0.238
1609572000,23.0,0.24
1609572600,22.9,0.238
1609573200,22.8,0.235
1609573800,22.7,0.233
1609574400,22.6,0.231
1609575000,22.5,0.228
1609575600,22.4,0.23
1609576200,22.3,0.228
1609576800,22.2,0.226
1609577400,22.1,0.227
1609578000,22.0,0.233
1609578600,21.9,0.231
1609579200,21.8,0.232
1609579800,21.7,0.23
1609580400,21.6,0.232
1609581000,21.5,0.23
1609581600,21.4,0.228
1609582200,21.3,0.226
1609582800,21.2,0.231
1609583400,21.1,0.229
1609584000,21.0,0.227
1609584600,20.9,0.225
1609585200,20.8,0.223
1609585800,20.7,0.221
1609586400,20.6,0.219
1609587000,20.5,0.221
1609587600,20.4,0.227
1609588200,20.3,0.232
1609588800,20.2,0.238
1609589400,20.1,0.24
1609590000,20.2,0.238
1609590600,20.3,0.236
1609591200,20.4,0.234
1609591800,20.5,0.24
1609592400,20.6,0.242
1609593000,20.7,0.244
1609593600,20.8,0.242
1609594200,20.9,0.244
1609594800,21.0,0.25
1609595400,21.1,0.255
1609596000,21.2,0.257
1609596600,21.3,0.255
1609597200,21.4,0.253
1609597800,21.5,0.255
1609598400,21.6,0.253
1609599000,21.7,0.251
1609599600,21.8,0.248
1609600200,21.9,0.254
1609600800,22.0,0.252
1609601400,22.1,0.25
1609602000,22.2,0.251
1609602600,22.3,0.249
1609603200,22.4,0.247
1609603800,22.5,0.245
1609604400,22.6,0.242
1609605000,22.7,0.24
1609605600,22.8,0.238
1609606200,22.9,0.236
1609606800,23.0,0.233
1609607400,23.1,0.231
1609608000,23.2,0.229
1609608600,23.3,0.226
1609609200,23.4,0.224
1609609800,23.5,0.222
1609610400,23.6,0.223
1609611000,23.7,0.221
1609611600,23.8,0.218
1609612200,23.9,0.22
1609612800,24.0,0.217
1609613400,24.1,0.215
1609614000,24.2,0.213
1609614600,24.3,0.21
1609615200,24.4,0.212
1609615800,24.5,0.213
1609616400,24.6,0.21
1609617000,24.7,0.216
1609617600,24.8,0.213
1609618200,24.9,0.214
1609618800,25.0,0.212
1609619400,25.1,0.217
1609620000,25.2,0.214
1609620600,25.3,0.216
1609621200,25.4,0.221
1609621800,25.5,0.218
1609622400,25.6,0.215
1609623000,25.7,0.217
1609623600,25.8,0.214
1609624200,25.9,0.219
1609624800,26.0,0.22
1609625400,26.1,0.217
1609626000,26.2,0.215
1609626600,26.3,0.216
1609627200,26.4,0.217
1609627800,26.5,0.222
1609628400,26.6,0.219
1609629000,26.7,0.216
1609629600,26.8,0.217
1609630200,26.9,0.218
1609630800,27.0,0.216
1609631400,27.1,0.217
1609632000,27.2,0.214
1609632600,27.1,0.211
1609633200,27.0,0.212
1609633800,26.9,0.213
1609634400,26.8,0.218
1609635000,26.7,0.222
1609635600,26.6,0.22
1609636200,26.5,0.217
1609636800,26.4,0.222
1609637400,26.3,0.223
1609638000,26.2,0.227
1609638600,26.1,0.225
1609639200,26.0,0.222
1609639800,25.9,0.22
1609640400,25.8,0.217
1609641000,25.7,0.214
1609641600,25.6,0.216
1609642200,25.5,0.217
1609642800,25.4,0.218
1609643400,25.3,0.223
1609644000,25.2,0.22
1609644600,25.1,0.218
1609645200,25.0,0.215
1609645800,24.9,0.213
1609646400,24.8,0.214
1609647000,24.7,0.212
1609647600,24.6,0.217
1609648200,24.5,0.214
1609648800,24.4,0.212
1609649400,24.3,0.209
1609650000,24.2,0.207
1609650600,24.1,0.204
1609651200,24.0,0.202
1609651800,23.9,0.207
1609652400,23.8,0.212
1609653000,23.7,0.21
1609653600,23.6,0.208
1609654200,23.5,0.205
1609654800,23.4,0.207
1609655400,23.3,0.204
1609656000,23.2,0.206
1609656600,23.1,0.211
1609657200,23.0,0.217
1609657800,22.9,0.222
1609658400,22.8,0.22
1609659000,22.7,0.225
1609659600,22.6,0.223
1609660200,22.5,0.228
1609660800,22.4,0.226
1609661400,22.3,0.228
1609662000,22.2,0.226
1609662600,22.1,0.231
1609663200,22.0,0.229
1609663800,21.9,0.227
1609664400,21.8,0.225
1609665000,21.7,0.222
1609665600,21.6,0.224
1609666200,21.5,0.222
1609666800,21.4,0.22
1609667400,21.3,0.218
1609668000,21.2,0.223
1609668600,21.1,0.221
1609669200,21.0,0.219
1609669800,20.9,0.217
1609670400,20.8,0.223
1609671000,20.7,0.225
1609671600,20.6,0.223
1609672200,20.5,0.221
1609672800,20.4,0.227
1609673400,20.3,0.228
1609674000,20.2,0.226
1609674600,20.1,0.232
1609675200,20.0,0.23
1609675800,19.9,0.228
1609676400,20.0,0.226
1609677000,20.1,0.224
1609677600,20.2,0.222
1609678200,20.3,0.224
1609678800,20.4,0.226
1609679400,20.5,0.224
1609680000,20.6,0.222
1609680600,20.7,0.22
1609681200,20.8,0.222
1609681800,20.9,0.224
1609682400,21.0,0.222
1609683000,21.1,0.228
1609683600,21.2,0.233
1609684200,21.3,0.231
1609684800,21.4,0.237
1609685400,21.5,0.235
1609686000,21.6,0.241
1609686600,21.7,0.238
1609687200,21.8,0.244
1609687800,21.9,0.242
1609688400,22.0,0.24
1609689000,22.1,0.238
1609689600,22.2,0.235
1609690200,22.3,0.233
1609690800,22.4,0.231
1609691400,22.5,0.236
1609692000,22.6,0.238
1609692600,22.7,0.236
1609693200,22.8,0.233
1609693800,22.9,0.231
1609694400,23.0,0.229
1609695000,23.1,0.227
1609695600,23.2,0.228
1609696200,23.3,0.226
1609696800,23.4,0.227
1609697400,23.5,0.225
1609698000,23.6,0.226
1609698600,23.7,0.232
1609699200,23.8,0.229
1609699800,23.9,0.235
1609700400,24.0,0.232
1609701000,24.1,0.23
1609701600,24.2,0.227
1609702200,24.3,0.225
1609702800,24.4,0.223
1609703400,24.5,0.22
1609704000,24.6,0.218
1609704600,24.7,0.219
1609705200,24.8,0.224
1609705800,24.9,0.225
1609706400,25.0,0.223
1609707000,25.1,0.22
1609707600,25.2,0.218
1609708200,25.3,0.219
1609708800,25.4,0.22
1609709400,25.5,0.218
1609710000,25.6,0.219
1609710600,25.7,0.22
1609711200,25.8,0.217
1609711800,25.9,0.219
1609712400,26.0,0.216
1609713000,26.1,0.221
1609713600,26.2,0.218
1609714200,26.3,0.223
1609714800,26.4,0.22
1609715400,26.5,0.221
1609716000,26.6,0.226
1609716600,26.7,0.227
1609717200,26.8,0.232
1609717800,26.9,0.229
1609718400,27.0,0.226
1609719000,26.9,0.227
1609719600,26.8,0.228
1609720200,26.7,0.229
1609720800,26.6,0.234
1609721400,26.5,0.235
1609722000,26.4,0.232
1609722600,26.3,0.23
1609723200,26.2,0.227
1609723800,26.1,0.224
1609724400,26.0,0.222
1609725000,25.9,0.219
1609725600,25.8,0.224
1609726200,25.7,0.225
1609726800,25.6,0.223
1609727400,25.5,0.224
1609728000,25.4,0.229
1609728600,25.3,0.226
1609729200,25.2,0.224
1609729800,25.1,0.221
1609730400,25.0,0.226
1609731000,24.9,0.224
1609731600,24.8,0.221
1609732200,24.7,0.219
1609732800,24.6,0.224
1609733400,24.5,0.229
1609734000,24.4,0.226
1609734600,24.3,0.228
1609735200,24.2,0.233
1609735800,24.1,0.238
1609736400,24.0,0.235
1609737000,23.9,0.233
1609737600,23.8,0.238
1609738200,23.7,0.24
1609738800,23.6,0.241
1609739400,23.5,0.239
1609740000,23.4,0.236
1609740600,23.3,0.238
1609741200,23.2,0.239
1609741800,23.1,0.237
1609742400,23.0,0.239
1609743000,22.9,0.236
1609743600,22.8,0.234
1609744200,22.7,0.236
1609744800,22.6,0.233
1609745400,22.5,0.239
1609746000,22.4,0.237
1609746600,22.3,0.234
1609747200,22.2,0.232
1609747800,22.1,0.234
1609748400,22.0,0.232
1609749000,21.9,0.229
1609749600,21.8,0.231
1609750200,21.7,0.233
1609750800,21.6,0.235
1609751400,21.5,0.232
1609752000,21.4,0.238
1609752600,21.3,0.244
1609753200,21.2,0.242
1609753800,21.1,0.24
1609754400,21.0,0.238
1609755000,20.9,0.239
1609755600,20.8,0.241
1609756200,20.7,0.239
1609756800,20.6,0.237
1609757400,20.5,0.235
1609758000,20.4,0.241
1609758600,20.3,0.239
1609759200,20.2,0.241
1609759800,20.1,0.247
1609760400,20.0,0.245
1609761000,19.9,0.251
1609761600,19.8,0.249
1609762200,19.7,0.247
1609762800,19.8,0.253
1609763400,19.9,0.259
1609764000,20.0,0.261
1609764600,20.1,0.259
1609765200,20.2,0.257
1609765800,20.3,0.263
1609766400,20.4,0.261
1609767000,20.5,0.259
1609767600,20.6,0.257
1609768200,20.7,0.259
1609768800,20.8,0.257
1609769400,20.9,0.262
1609770000,21.0,0.26
1609770600,21.1,0.258
1609771200,21.2,0.26
1609771800,21.3,0.258
1609772400,21.4,0.26
1609773000,21.5,0.258
1609773600,21.6,0.255
1609774200,21.7,0.261
1609774800,21.8,0.259
1609775400,21.9,0.265
1609776000,22.0,0.262
1609776600,22.1,0.26
1609777200,22.2,0.266
1609777800,22.3,0.264
1609778400,22.4,0.269
1609779000,22.5,0.267
1609779600,22.6,0.272
1609780200,22.7,0.27
1609780800,22.8,0.268
1609781400,22.9,0.266
1609782000,23.0,0.263
1609782600,23.1,0.261
1609783200,23.2,0.263
1609783800,23.3,0.268
1609784400,23.4,0.266
1609785000,23.5,0.271
1609785600,23.6,0.269
1609786200,23.7,0.266
1609786800,23.8,0.264
1609787400,23.9,0.261
1609788000,24.0,0.263
1609788600,24.1,0.264
1609789200,24.2,0.262
1609789800,24.3,0.259
1609790400,24.4,0.265
1609791000,24.5,0.262
1609791600,24.6,0.26
1609792200,24.7,0.265
1609792800,24.8,0.27
1609793400,24.9,0.267
1609794000,25.0,0.265
1609794600,25.1,0.262
1609795200,25.2,0.264
1609795800,25.3,0.261
1609796400,25.4,0.259
1609797000,25.5,0.256
1609797600,25.6,0.253
1609798200,25.7,0.258
1609798800,25.8,0.256
1609799400,25.9,0.257
1609800000,26.0,0.254
1609800600,26.1,0.259
1609801200,26.2,0.256
1609801800,26.3,0.254
1609802400,26.4,0.251
1609803000,26.5,0.249
1609803600,26.6,0.246
1609804200,26.7,0.243
1609804800,26.8,0.244
1609805400,26.7,0.242
1609806000,26.6,0.243
1609806600,26.5,0.24
1609807200,26.4,0.237
1609807800,26.3,0.235
1609808400,26.2,0.232
1609809000,26.1,0.229
1609809600,26.0,0.227
1609810200,25.9,0.224
1609810800,25.8,0.225
1609811400,25.7,0.223
1609812000,25.6,0.22
1609812600,25.5,0.218
1609813200,25.4,0.219
1609813800,25.3,0.216
1609814400,25.2,0.221
1609815000,25.1,0.226
1609815600,25.0,0.224
1609816200,24.9,0.221
1609816800,24.8,0.219
1609817400,24.7,0.216
1609818000,24.6,0.217
1609818600,24.5,0.215
1609819200,24.4,0.22
1609819800,24.3,0.218
1609820400,24.2,0.215
1609821000,24.1,0.213
1609821600,24.0,0.214
1609822200,23.9,0.212
1609822800,23.8,0.209
1609823400,23.7,0.215
1609824000,23.6,0.22
1609824600,23.5,0.221
1609825200,23.4,0.219
1609825800,23.3,0.217
1609826400,23.2,0.218
1609827000,23.1,0.22
1609827600,23.0,0.217
1609828200,22.9,0.219
1609828800,22.8,0.217
1609829400,22.7,0.214
1609830000,22.6,0.216
1609830600,22.5,0.218
1609831200,22.4,0.219
1609831800,22.3,0.217
1609832400,22.2,0.215
1609833000,22.1,0.216
1609833600,22.0,0.214
1609834200,21.9,0.212
1609834800,21.8,0.214
1609835400,21.7,0.211
1609836000,21.6,0.209
1609836600,21.5,0.207
1609837200,21.4,0.213
1609837800,21.3,0.211
1609838400,21.2,0.216
1609839000,21.1,0.214
1609839600,21.0,0.212
1609840200,20.9,0.218
1609840800,20.8,0.216
1609841400,20.7,0.214
1609842000,20.6,0.212
1609842600,20.5,0.21
1609843200,20.4,0.208
1609843800,20.3,0.206
1609844400,20.2,0.204
1609845000,20.1,0.202
1609845600,20.0,0.2
1609846200,19.9,0.198
1609846800,19.8,0.196
1609847400,19.7,0.202
1609848000,19.6,0.208
1609848600,19.5,0.21
1609849200,19.6,0.212
1609849800,19.7,0.21
1609850400,19.8,0.208
1609851000,19.9,0.214
1609851600,20.0,0.22
1609852200,20.1,0.222
1609852800,20.2,0.22
1609853400,20.3,0.218
1609854000,20.4,0.216
1609854600,20.5,0.214
1609855200,20.6,0.212
1609855800,20.7,0.218
1609856400,20.8,0.216
1609857000,20.9,0.221
1609857600,21.0,0.227
1609858200,21.1,0.225
1609858800,21.2,0.227
1609859400,21.3,0.225
1609860000,21.4,0.231
1609860600,21.5,0.228
1609861200,21.6,0.226
1609861800,21.7,0.224
1609862400,21.8,0.226
1609863000,21.9,0.224
1609863600,22.0,0.225
1609864200,22.1,0.231
1609864800,22.2,0.233
1609865400,22.3,0.231
1609866000,22.4,0.236
1609866600,22.5,0.234
1609867200,22.6,0.232
1609867800,22.7,0.233
1609868400,22.8,0.235
1609869000,22.9,0.232
1609869600,23.0,0.23
1609870200,23.1,0.232
1609870800,23.2,0.229
1609871400,23.3,0.227
1609872000,23.4,0.225
1609872600,23.5,0.23
1609873200,23.6,0.228
1609873800,23.7,0.233
1609874400,23.8,0.231
1609875000,23.9,0.232
1609875600,24.0,0.23
1609876200,24.1,0.227
1609876800,24.2,0.225
1609877400,24.3,0.222
1609878000,24.4,0.224
1609878600,24.5,0.221
1609879200,24.6,0.223
1609879800,24.7,0.22
1609880400,24.8,0.222
1609881000,24.9,0.219
1609881600,25.0,0.217
1609882200,25.1,0.214
1609882800,25.2,0.212
1609883400,25.3,0.209
1609884000,25.4,0.207
1609884600,25.5,0.208
1609885200,25.6,0.205
1609885800,25.7,0.206
1609886400,25.8,0.204
1609887000,25.9,0.201
1609887600,26.0,0.199
1609888200,26.1,0.203
1609888800,26.2,0.201
1609889400,26.3,0.198
1609890000,26.4,0.196
1609890600,26.5,0.193
1609891200,26.6,0.194
1609891800,26.5,0.191
1609892400,26.4,0.189
1609893000,26.3,0.186
1609893600,26.2,0.183
1609894200,26.1,0.181
1609894800,26.0,0.178
1609895400,25.9,0.183
1609896000,25.8,0.18
1609896600,25.7,0.178
1609897200,25.6,0.175
1609897800,25.5,0.173
1609898400,25.4,0.177
1609899000,25.3,0.179
1609899600,25.2,0.176
1609900200,25.1,0.174
1609900800,25.0,0.171
1609901400,24.9,0.169
1609902000,24.8,0.174
1609902600,24.7,0.171
1609903200,24.6,0.169
1609903800,24.5,0.17
1609904400,24.4,0.175
1609905000,24.3,0.173
1609905600,24.2,0.178
1609906200,24.1,0.175
1609906800,24.0,0.181
1609907400,23.9,0.178
1609908000,23.8,0.176
1609908600,23.7,0.173
1609909200,23.6,0.171
1609909800,23.5,0.169
1609910400,23.4,0.166
1609911000,23.3,0.172
1609911600,23.2,0.169
1609912200,23.1,0.171
1609912800,23.0,0.172
1609913400,22.9,0.17
1609914000,22.8,0.175
1609914600,22.7,0.173
1609915200,22.6,0.171
1609915800,22.5,0.169
1609916400,22.4,0.166
1609917000,22.3,0.164
1609917600,22.2,0.162
1609918200,22.1,0.164
1609918800,22.0,0.165
1609919400,21.9,0.163
1609920000,21.8,0.165
1609920600,21.7,0.163
1609921200,21.6,0.164
1609921800,21.5,0.162
1609922400,21.4,0.164
1609923000,21.3,0.17
1609923600,21.2,0.172
1609924200,21.1,0.169
1609924800,21.0,0.167
1609925400,20.9,0.165
1609926000,20.8,0.163
1609926600,20.7,0.161
1609927200,20.6,0.159
1609927800,20.5,0.161
1609928400,20.4,0.159
1609929000,20.3,0.161
1609929600,20.2,0.159
1609930200,20.1,0.157
1609930800,20.0,0.155
1609931400,19.9,0.157
1609932000,19.8,0.155
1609932600,19.7,0.153
1609933200,19.6,0.151
1609933800,19.5,0.157
1609934400,19.4,0.155
1609935000,19.3,0.157
1609935600,19.4,0.159
1609936200,19.5,0.157
1609936800,19.6,0.155
1609937400,19.7,0.153
1609938000,19.8,0.151
1609938600,19.9,0.149
1609939200,20.0,0.151
1609939800,20.1,0.157
1609940400,20.2,0.155
1609941000,20.3,0.153
1609941600,20.4,0.159
1609942200,20.5,0.161
1609942800,20.6,0.163
1609943400,20.7,0.169
1609944000,20.8,0.175
1609944600,20.9,0.173
1609945200,21.0,0.175
1609945800,21.1,0.176
1609946400,21.2,0.174
1609947000,21.3,0.172
1609947600,21.4,0.174
1609948200,21.5,0.176
1609948800,21.6,0.174
1609949400,21.7,0.171
1609950000,21.8,0.173
1609950600,21.9,0.171
1609951200,22.0,0.169
1609951800,22.1,0.167
1609952400,22.2,0.168
1609953000,22.3,0.17
1609953600,22.4,0.168
1609954200,22.5,0.166
1609954800,22.6,0.171
1609955400,22.7,0.169
1609956000,22.8,0.167
1609956600,22.9,0.164
1609957200,23.0,0.162
1609957800,23.1,0.16
1609958400,23.2,0.157
1609959000,23.3,0.155
1609959600,23.4,0.153
1609960200,23.5,0.154
1609960800,23.6,0.152
1609961400,23.7,0.149
1609962000,23.8,0.151
1609962600,23.9,0.149
1609963200,24.0,0.146
1609963800,24.1,0.144
1609964400,24.2,0.149
1609965000,24.3,0.147
1609965600,24.4,0.144
1609966200,24.5,0.142
1609966800,24.6,0.139
1609967400,24.7,0.137
1609968000,24.8,0.142
1609968600,24.9,0.143
1609969200,25.0,0.144
1609969800,25.1,0.146
1609970400,25.2,0.143
1609971000,25.3,0.144
1609971600,25.4,0.142
1609972200,25.5,0.143
1609972800,25.6,0.14
1609973400,25.7,0.138
1609974000,25.8,0.143
1609974600,25.9,0.148
1609975200,26.0,0.145
1609975800,26.1,0.142
1609976400,26.2,0.147
1609977000,26.3,0.152
1609977600,26.4,0.149
1609978200,26.3,0.147
1609978800,26.2,0.144
1609979400,26.1,0.149
1609980000,26.0,0.146
1609980600,25.9,0.151
1609981200,25.8,0.148
1609981800,25.7,0.149
1609982400,25.6,0.147
1609983000,25.5,0.148
1609983600,25.4,0.146
1609984200,25.3,0.143
1609984800,25.2,0.14
1609985400,25.1,0.138
1609986000,25.0,0.143
1609986600,24.9,0.14
1609987200,24.8,0.138
1609987800,24.7,0.135
1609988400,24.6,0.141
1609989000,24.5,0.138
1609989600,24.4,0.136
1609990200,24.3,0.133
1609990800,24.2,0.131
1609991400,24.1,0.128
1609992000,24.0,0.126
1609992600,23.9,0.127
1609993200,23.8,0.125
1609993800,23.7,0.13
1609994400,23.6,0.128
1609995000,23.5,0.129
1609995600,23.4,0.127
1609996200,23.3,0.125
1609996800,23.2,0.126
1609997400,23.1,0.124
1609998000,23.0,0.121
1609998600,22.9,0.119
1609999200,22.8,0.117
1609999800,22.7,0.122
1610000400,22.6,0.124
1610001000,22.5,0.122
1610001600,22.4,0.119
1610002200,22.3,0.121
1610002800,22.2,0.123
1610003400,22.1,0.12
1610004000,22.0,0.122
1610004600,21.9,0.12
1610005200,21.8,0.126
1610005800,21.7,0.123
1610006400,21.6,0.121
1610007000,21.5,0.127
1610007600,21.4,0.125
1610008200,21.3,0.123
1610008800,21.2,0.12
1610009400,21.1,0.118
1610010000,21.0,0.116
1610010600,20.9,0.114
1610011200,20.8,0.116
1610011800,20.7,0.114
1610012400,20.6,0.112
1610013000,20.5,0.11
1610013600,20.4,0.108
1610014200,20.3,0.106
1610014800,20.2,0.104
1610015400,20.1,0.106
1610016000,20.0,0.104
1610016600,19.9,0.102
1610017200,19.8,0.1
1610017800,19.7,0.098
1610018400,19.6,0.096
1610019000,19.5,0.098
1610019600,19.4,0.1
1610020200,19.3,0.102
1610020800,19.2,0.104
1610021400,19.1,0.11
1610022000,19.2,0.108
1610022600,19.3,0.11
1610023200,19.4,0.108
1610023800,19.5,0.107
1610024400,19.6,0.105
1610025000,19.7,0.103
1610025600,19.8,0.109
1610026200,19.9,0.107
1610026800,20.0,0.105
1610027400,20.1,0.103
1610028000,20.2,0.105
1610028600,20.3,0.111
1610029200,20.4,0.109
1610029800,20.5,0.107
1610030400,20.6,0.112
1610031000,20.7,0.11
1610031600,20.8,0.112
1610032200,20.9,0.11
1610032800,21.0,0.108
1610033400,21.1,0.106
1610034000,21.2,0.104
1610034600,21.3,0.106
1610035200,21.4,0.104
1610035800,21.5,0.101
1610036400,21.6,0.099
1610037000,21.7,0.101
1610037600,21.8,0.099
1610038200,21.9,0.097
1610038800,22.0,0.098
1610039400,22.1,0.096
1610040000,22.2,0.094
1610040600,22.3,0.1
1610041200,22.4,0.097
1610041800,22.5,0.099
1610042400,22.6,0.097
1610043000,22.7,0.094
1610043600,22.8,0.096
1610044200,22.9,0.098
1610044800,23.0,0.095
1610045400,23.1,0.093
1610046000,23.2,0.098
1610046600,23.3,0.096
1610047200,23.4,0.094
1610047800,23.5,0.091
1610048400,23.6,0.089
1610049000,23.7,0.087
1610049600,23.8,0.084
1610050200,23.9,0.09
1610050800,24.0,0.091
1610051400,24.1,0.092
1610052000,24.2,0.094
1610052600,24.3,0.091
1610053200,24.4,0.089
1610053800,24.5,0.09
1610054400,24.6,0.095
1610055000,24.7,0.097
1610055600,24.8,0.094
1610056200,24.9,0.092
1610056800,25.0,0.089
1610057400,25.1,0.094
1610058000,25.2,0.099
1610058600,25.3,0.104
1610059200,25.4,0.102
1610059800,25.5,0.099
1610060400,25.6,0.1
1610061000,25.7,0.105
1610061600,25.8,0.106
1610062200,25.9,0.104
1610062800,26.0,0.101
1610063400,26.1,0.106
1610064000,26.2,0.107
1610064600,26.1,0.104
1610065200,26.0,0.109
1610065800,25.9,0.114
1610066400,25.8,0.119
1610067000,25.7,0.116
1610067600,25.6,0.121
1610068200,25.5,0.126
1610068800,25.4,0.127
1610069400,25.3,0.125
1610070000,25.2,0.122
1610070600,25.1,0.127
1610071200,25.0,0.132
1610071800,24.9,0.13
1610072400,24.8,0.127
1610073000,24.7,0.132
1610073600,24.6,0.13
1610074200,24.5,0.131
1610074800,24.4,0.132
1610075400,24.3,0.134
1610076000,24.2,0.135
1610076600,24.1,0.133
1610077200,24.0,0.13
1610077800,23.9,0.128
1610078400,23.8,0.129
1610079000,23.7,0.127
1610079600,23.6,0.128
1610080200,23.5,0.13
1610080800,23.4,0.131
1610081400,23.3,0.129
1610082000,23.2,0.126
1610082600,23.1,0.124
1610083200,23.0,0.126
1610083800,22.9,0.123
1610084400,22.8,0.121
1610085000,22.7,0.119
1610085600,22.6,0.124
1610086200,22.5,0.122
1610086800,22.4,0.12
1610087400,22.3,0.118
1610088000,22.2,0.115
1610088600,22.1,0.113
1610089200,22.0,0.119
1610089800,21.9,0.116
1610090400,21.8,0.122
1610091000,21.7,0.128
1610091600,21.6,0.126
1610092200,21.5,0.131
1610092800,21.4,0.129
1610093400,21.3,0.127
1610094000,21.2,0.129
1610094600,21.1,0.135
1610095200,21.0,0.136
1610095800,20.9,0.134
1610096400,20.8,0.136
1610097000,20.7,0.134
1610097600,20.6,0.132
1610098200,20.5,0.134
1610098800,20.4,0.136
1610099400,20.3,0.142
1610100000,20.2,0.14
1610100600,20.1,0.142
1610101200,20.0,0.14
1610101800,19.9,0.138
1610102400,19.8,0.136
1610103000,19.7,0.134
1610103600,19.6,0.14
1610104200,19.5,0.138
1610104800,19.4,0.144
1610105400,19.3,0.142
1610106000,19.2,0.144
1610106600,19.1,0.142
1610107200,19.0,0.14
1610107800,18.9,0.138
1610108400,19.0,0.136
1610109000,19.1,0.135
1610109600,19.2,0.133
1610110200,19.3,0.139
1610110800,19.4,0.145
1610111400,19.5,0.151
1610112000,19.6,0.157
1610112600,19.7,0.159
1610113200,19.8,0.161
1610113800,19.9,0.163
1610114400,20.0,0.161
1610115000,20.1,0.159
1610115600,20.2,0.161
1610116200,20.3,0.163
1610116800,20.4,0.161
1610117400,20.5,0.159
1610118000,20.6,0.157
1610118600,20.7,0.155
1610119200,20.8,0.153
1610119800,20.9,0.159
1610120400,21.0,0.165
1610121000,21.1,0.163
1610121600,21.2,0.16
1610122200,21.3,0.162
1610122800,21.4,0.16
1610123400,21.5,0.166
1610124000,21.6,0.164
1610124600,21.7,0.169
1610125200,21.8,0.167
1610125800,21.9,0.165
1610126400,22.0,0.167
1610127000,22.1,0.165
1610127600,22.2,0.162
1610128200,22.3,0.16
1610128800,22.4,0.166
1610129400,22.5,0.167
1610130000,22.6,0.165
1610130600,22.7,0.163
1610131200,22.8,0.161
1610131800,22.9,0.158
1610132400,23.0,0.156
1610133000,23.1,0.154
1610133600,23.2,0.159
1610134200,23.3,0.157
1610134800,23.4,0.154
1610135400,23.5,0.152
1610136000,23.6,0.15
1610136600,23.7,0.147
1610137200,23.8,0.153
1610137800,23.9,0.15
1610138400,24.0,0.152
1610139000,24.1,0.153
1610139600,24.2,0.158
1610140200,24.3,0.163
1610140800,24.4,0.165
1610141400,24.5,0.162
1610142000,24.6,0.164
1610142600,24.7,0.161
1610143200,24.8,0.166
1610143800,24.9,0.167
1610144400,25.0,0.165
1610145000,25.1,0.166
1610145600,25.2,0.167
1610146200,25.3,0.172
1610146800,25.4,0.177
1610147400,25.5,0.175
1610148000,25.6,0.172
1610148600,25.7,0.17
1610149200,25.8,0.167
1610149800,25.9,0.172
1610150400,26.0,0.177
1610151000,25.9,0.174
1610151600,25.8,0.175
1610152200,25.7,0.173
1610152800,25.6,0.17
1610153400,25.5,0.168
1610154000,25.4,0.165
1610154600,25.3,0.17
1610155200,25.2,0.167
1610155800,25.1,0.165
1610156400,25.0,0.17
1610157000,24.9,0.175
1610157600,24.8,0.172
1610158200,24.7,0.17
1610158800,24.6,0.167
1610159400,24.5,0.169
1610160000,24.4,0.166
1610160600,24.3,0.164
1610161200,24.2,0.161
1610161800,24.1,0.159
1610162400,24.0,0.157
1610163000,23.9,0.158
1610163600,23.8,0.156
1610164200,23.7,0.157
1610164800,23.6,0.155
1610165400,23.5,0.152
1610166000,23.4,0.154
1610166600,23.3,0.159
1610167200,23.2,0.164
1610167800,23.1,0.162
1610168400,23.0,0.168
1610169000,22.9,0.169
1610169600,22.8,0.167
1610170200,22.7,0.165
1610170800,22.6,0.17
1610171400,22.5,0.168
1610172000,22.4,0.169
1610172600,22.3,0.167
1610173200,22.2,0.165
1610173800,22.1,0.17
1610174400,22.0,0.168
1610175000,21.9,0.174
1610175600,21.8,0.172
1610176200,21.7,0.169
1610176800,21.6,0.167
1610177400,21.5,0.165
1610178000,21.4,0.163
1610178600,21.3,0.165
1610179200,21.2,0.163
1610179800,21.1,0.161
1610180400,21.0,0.166
1610181000,20.9,0.164
1610181600,20.8,0.166
1610182200,20.7,0.164
1610182800,20.6,0.17
1610183400,20.5,0.172
1610184000,20.4,0.174
1610184600,20.3,0.172
1610185200,20.2,0.17
1610185800,20.1,0.168
1610186400,20.0,0.166
1610187000,19.9,0.164
1610187600,19.8,0.162
1610188200,19.7,0.16
1610188800,19.6,0.166
1610189400,19.5,0.164
1610190000,19.4,0.162
1610190600,19.3,0.16
1610191200,19.2,0.158
1610191800,19.1,0.164
1610192400,19.0,0.162
1610193000,18.9,0.164
1610193600,18.8,0.162
1610194200,18.7,0.161
1610194800,18.8,0.163
1610195400,18.9,0.161
1610196000,19.0,0.167
1610196600,19.1,0.173
1610197200,19.2,0.179
1610197800,19.3,0.186
1610198400,19.4,0.184
1610199000,19.5,0.182
1610199600,19.6,0.18
1610200200,19.7,0.178
1610200800,19.8,0.176
1610201400,19.9,0.174
1610202000,20.0,0.176
1610202600,20.1,0.174
1610203200,20.2,0.176
1610203800,20.3,0.174
1610204400,20.4,0.172
1610205000,20.5,0.17
1610205600,20.6,0.168
1610206200,20.7,0.166
1610206800,20.8,0.168
1610207400,20.9,0.165
1610208000,21.0,0.163
1610208600,21.1,0.161
1610209200,21.2,0.163
1610209800,21.3,0.161
1610210400,21.4,0.159
1610211000,21.5,0.165
1610211600,21.6,0.17
1610212200,21.7,0.168
1610212800,21.8,0.166
1610213400,21.9,0.164
1610214000,22.0,0.165
1610214600,22.1,0.167
1610215200,22.2,0.165
1610215800,22.3,0.163
1610216400,22.4,0.161
1610217000,22.5,0.162
1610217600,22.6,0.16
1610218200,22.7,0.162
1610218800,22.8,0.167
1610219400,22.9,0.169
1610220000,23.0,0.166
1610220600,23.1,0.168
1610221200,23.2,0.166
1610221800,23.3,0.171
1610222400,23.4,0.176
1610223000,23.5,0.182
1610223600,23.6,0.187
1610224200,23.7,0.184
1610224800,23.8,0.19
1610225400,23.9,0.187
1610226000,24.0,0.185
1610226600,24.1,0.183
1610227200,24.2,0.184
1610227800,24.3,0.189
1610228400,24.4,0.187
1610229000,24.5,0.184
1610229600,24.6,0.182
1610230200,24.7,0.183
1610230800,24.8,0.188
1610231400,24.9,0.186
1610232000,25.0,0.183
1610232600,25.1,0.188
1610233200,25.2,0.189
1610233800,25.3,0.187
1610234400,25.4,0.184
1610235000,25.5,0.182
1610235600,25.6,0.187
1610236200,25.7,0.192
1610236800,25.8,0.196
1610237400,25.7,0.201
1610238000,25.6,0.199
1610238600,25.5,0.204
1610239200,25.4,0.205
1610239800,25.3,0.21
1610240400,25.2,0.215
1610241000,25.1,0.22
1610241600,25.0,0.217
1610242200,24.9,0.222
1610242800,24.8,0.22
1610243400,24.7,0.217
1610244000,24.6,0.215
1610244600,24.5,0.22
1610245200,24.4,0.217
1610245800,24.3,0.215
1610246400,24.2,0.212
1610247000,24.1,0.218
1610247600,24.0,0.215
1610248200,23.9,0.213
1610248800,23.8,0.218
1610249400,23.7,0.223
1610250000,23.6,0.225
1610250600,23.5,0.222
1610251200,23.4,0.22
1610251800,23.3,0.225
1610252400,23.2,0.223
1610253000,23.1,0.228
1610253600,23.0,0.234
1610254200,22.9,0.231
1610254800,22.8,0.229
1610255400,22.7,0.227
1610256000,22.6,0.232
1610256600,22.5,0.234
1610257200,22.4,0.232
1610257800,22.3,0.229
1610258400,22.2,0.231
1610259000,22.1,0.229
1610259600,22.0,0.227
1610260200,21.9,0.228
1610260800,21.8,0.226
1610261400,21.7,0.224
1610262000,21.6,0.222
1610262600,21.5,0.227
1610263200,21.4,0.225
1610263800,21.3,0.223
1610264400,21.2,0.221
1610265000,21.1,0.223
1610265600,21.0,0.225
1610266200,20.9,0.223
1610266800,20.8,0.221
1610267400,20.7,0.218
1610268000,20.6,0.216
1610268600,20.5,0.222
1610269200,20.4,0.22
1610269800,20.3,0.222
1610270400,20.2,0.228
1610271000,20.1,0.226
1610271600,20.0,0.228
1610272200,19.9,0.23
1610272800,19.8,0.236
1610273400,19.7,0.234
1610274000,19.6,0.24
1610274600,19.5,0.238
1610275200,19.4,0.244
1610275800,19.3,0.242
1610276400,19.2,0.244
1610277000,19.1,0.243
1610277600,19.0,0.249
1610278200,18.9,0.247
1610278800,18.8,0.245
1610279400,18.7,0.243
1610280000,18.6,0.249
1610280600,18.5,0.247
1610281200,18.6,0.246
1610281800,18.7,0.248
1610282400,18.8,0.246
1610283000,18.9,0.244
1610283600,19.0,0.246
1610284200,19.1,0.244
1610284800,19.2,0.242
1610285400,19.3,0.24
1610286000,19.4,0.239
1610286600,19.5,0.237
1610287200,19.6,0.243
1610287800,19.7,0.241
1610288400,19.8,0.239
1610289000,19.9,0.237
1610289600,20.0,0.235
1610290200,20.1,0.233
1610290800,20.2,0.231
1610291400,20.3,0.229
1610292000,20.4,0.227
1610292600,20.5,0.225
1610293200,20.6,0.231
1610293800,20.7,0.229
1610294400,20.8,0.226
1610295000,20.9,0.224
1610295600,21.0,0.23
1610296200,21.1,0.236
1610296800,21.2,0.242
1610297400,21.3,0.24
1610298000,21.4,0.238
1610298600,21.5,0.235
1610299200,21.6,0.233
1610299800,21.7,0.231
1610300400,21.8,0.229
1610301000,21.9,0.231
1610301600,22.0,0.232
1610302200,22.1,0.23
1610302800,22.2,0.228
1610303400,22.3,0.226
1610304000,22.4,0.224
1610304600,22.5,0.221
1610305200,22.6,0.219
1610305800,22.7,0.225
1610306400,22.8,0.222
1610307000,22.9,0.22
1610307600,23.0,0.218
1610308200,23.1,0.219
1610308800,23.2,0.217
1610309400,23.3,0.215
1610310000,23.4,0.212
1610310600,23.5,0.21
1610311200,23.6,0.208
1610311800,23.7,0.205
1610312400,23.8,0.203
1610313000,23.9,0.2
1610313600,24.0,0.198
1610314200,24.1,0.199
1610314800,24.2,0.201
1610315400,24.3,0.198
1610316000,24.4,0.196
1610316600,24.5,0.201
1610317200,24.6,0.199
1610317800,24.7,0.204
1610318400,24.8,0.201
1610319000,24.9,0.203
1610319600,25.0,0.2
1610320200,25.1,0.198
1610320800,25.2,0.199
1610321400,25.3,0.196
1610322000,25.4,0.201
1610322600,25.5,0.199
1610323200,25.6,0.196
1610323800,25.5,0.194
1610324400,25.4,0.198
1610325000,25.3,0.196
1610325600,25.2,0.197
1610326200,25.1,0.202
1610326800,25.0,0.2
1610327400,24.9,0.197
1610328000,24.8,0.195
1610328600,24.7,0.192
1610329200,24.6,0.19
1610329800,24.5,0.187
1610330400,24.4,0.185
1610331000,24.3,0.182
1610331600,24.2,0.187
1610332200,24.1,0.189
1610332800,24.0,0.186
1610333400,23.9,0.192
1610334000,23.8,0.197
1610334600,23.7,0.194
1610335200,23.6,0.196
1610335800,23.5,0.194
1610336400,23.4,0.195
1610337000,23.3,0.193
1610337600,23.2,0.19
1610338200,23.1,0.188
1610338800,23.0,0.193
1610339400,22.9,0.191
1610340000,22.8,0.189
1610340600,22.7,0.19
1610341200,22.6,0.188
1610341800,22.5,0.186
1610342400,22.4,0.184
1610343000,22.3,0.181
1610343600,22.2,0.183
1610344200,22.1,0.181
1610344800,22.0,0.179
1610345400,21.9,0.176
1610346000,21.8,0.174
1610346600,21.7,0.176
1610347200,21.6,0.174
1610347800,21.5,0.172
1610348400,21.4,0.177
1610349000,21.3,0.175
1610349600,21.2,0.177
1610350200,21.1,0.179
1610350800,21.0,0.177
1610351400,20.9,0.179
1610352000,20.8,0.176
1610352600,20.7,0.178
1610353200,20.6,0.18
1610353800,20.5,0.178
1610354400,20.4,0.18
1610355000,20.3,0.182
1610355600,20.2,0.18
1610356200,20.1,0.178
1610356800,20.0,0.184
1610357400,19.9,0.182
1610358000,19.8,0.18
1610358600,19.7,0.178
1610359200,19.6,0.184
1610359800,19.5,0.182
1610360400,19.4,0.18
1610361000,19.3,0.182
1610361600,19.2,0.18
1610362200,19.1,0.178
1610362800,19.0,0.176
1610363400,18.9,0.175
1610364000,18.8,0.173
1610364600,18.7,0.175
1610365200,18.6,0.181
1610365800,18.5,0.183
1610366400,18.4,0.181
1610367000,18.3,0.18
1610367600,18.4,0.182
1610368200,18.5,0.18
1610368800,18.6,0.178
1610369400,18.7,0.184
1610370000,18.8,0.183
1610370600,18.9,0.185
1610371200,19.0,0.183
1610371800,19.1,0.181
1610372400,19.2,0.179
1610373000,19.3,0.181
1610373600,19.4,0.179
1610374200,19.5,0.177
1610374800,19.6,0.175
1610375400,19.7,0.177
1610376000,19.8,0.175
1610376600,19.9,0.173
1610377200,20.0,0.176
1610377800,20.1,0.174
1610378400,20.2,0.172
1610379000,20.3,0.177
1610379600,20.4,0.179
1610380200,20.5,0.177
1610380800,20.6,0.183
1610381400,20.7,0.189
1610382000,20.8,0.191
1610382600,20.9,0.189
1610383200,21.0,0.187
1610383800,21.1,0.185
1610384400,21.2,0.191
1610385000,21.3,0.188
1610385600,21.4,0.186
1610386200,21.5,0.192
1610386800,21.6,0.19
1610387400,21.7,0.188
1610388000,21.8,0.186
1610388600,21.9,0.191
1610389200,22.0,0.193
1610389800,22.1,0.199
1610390400,22.2,0.204
1610391000,22.3,0.21
1610391600,22.4,0.207
1610392200,22.5,0.205
1610392800,22.6,0.207
1610393400,22.7,0.205
1610394000,22.8,0.21
1610394600,22.9,0.208
1610395200,23.0,0.209
1610395800,23.1,0.207
1610396400,23.2,0.205
1610397000,23.3,0.21
1610397600,23.4,0.212
1610398200,23.5,0.209
1610398800,23.6,0.215
1610399400,23.7,0.212
1610400000,23.8,0.214
1610400600,23.9,0.215
1610401200,24.0,0.216
1610401800,24.1,0.218
1610402400,24.2,0.219
1610403000,24.3,0.221
1610403600,24.4,0.222
1610404200,24.5,0.22
1610404800,24.6,0.217
1610405400,24.7,0.218
1610406000,24.8,0.216
1610406600,24.9,0.217
1610407200,25.0,0.215
1610407800,25.1,0.212
1610408400,25.2,0.21
1610409000,25.3,0.215
1610409600,25.4,0.212
1610410200,25.3,0.21
1610410800,25.2,0.207
1610411400,25.1,0.205
1610412000,25.0,0.209
1610412600,24.9,0.207
1610413200,24.8,0.205
1610413800,24.7,0.202
1610414400,24.6,0.2
1610415000,24.5,0.197
1610415600,24.4,0.195
1610416200,24.3,0.192
1610416800,24.2,0.19
1610417400,24.1,0.187
1610418000,24.0,0.185
1610418600,23.9,0.186
1610419200,23.8,0.188
1610419800,23.7,0.185
1610420400,23.6,0.183
1610421000,23.5,0.188
1610421600,23.4,0.19
1610422200,23.3,0.191
1610422800,23.2,0.189
1610423400,23.1,0.187
1610424000,23.0,0.188
1610424600,22.9,0.194
1610425200,22.8,0.195
1610425800,22.7,0.193
1610426400,22.6,0.198
1610427000,22.5,0.2
1610427600,22.4,0.198
1610428200,22.3,0.195
1610428800,22.2,0.193
1610429400,22.1,0.191
1610430000,22.0,0.189
1610430600,21.9,0.187
1610431200,21.8,0.188
1610431800,21.7,0.186
1610432400,21.6,0.184
1610433000,21.5,0.182
1610433600,21.4,0.184
1610434200,21.3,0.181
1610434800,21.2,0.183
1610435400,21.1,0.181
1610436000,21.0,0.187
1610436600,20.9,0.185
1610437200,20.8,0.183
1610437800,20.7,0.188
1610438400,20.6,0.194
1610439000,20.5,0.192
1610439600,20.4,0.194
1610440200,20.3,0.192
1610440800,20.2,0.198
1610441400,20.1,0.2
1610442000,20.0,0.198
1610442600,19.9,0.196
1610443200,19.8,0.194
1610443800,19.7,0.192
1610444400,19.6,0.19
1610445000,19.5,0.188
1610445600,19.4,0.186
1610446200,19.3,0.184
1610446800,19.2,0.182
1610447400,19.1,0.189
1610448000,19.0,0.187
1610448600,18.9,0.185
1610449200,18.8,0.183
1610449800,18.7,0.181
1610450400,18.6,0.179
1610451000,18.5,0.177
1610451600,18.4,0.175
1610452200,18.3,0.174
1610452800,18.2,0.172
1610453400,18.1,0.17
1610454000,18.2,0.168
1610454600,18.3,0.17
1610455200,18.4,0.177
1610455800,18.5,0.183
1610456400,18.6,0.185
1610457000,18.7,0.183
1610457600,18.8,0.181
1610458200,18.9,0.18
1610458800,19.0,0.178
1610459400,19.1,0.184
1610460000,19.2,0.186
1610460600,19.3,0.184
1610461200,19.4,0.182
1610461800,19.5,0.18
1610462400,19.6,0.186
1610463000,19.7,0.184
1610463600,19.8,0.182
1610464200,19.9,0.188
1610464800,20.0,0.186
1610465400,20.1,0.184
1610466000,20.2,0.182
1610466600,20.3,0.188
1610467200,20.4,0.186
1610467800,20.5,0.184
1610468400,20.6,0.186
1610469000,20.7,0.188
1610469600,20.8,0.194
1610470200,20.9,0.2
1610470800,21.0,0.198
1610471400,21.1,0.196
1610472000,21.2,0.194
1610472600,21.3,0.199
1610473200,21.4,0.205
1610473800,21.5,0.203
1610474400,21.6,0.201
1610475000,21.7,0.199
1610475600,21.8,0.196
1610476200,21.9,0.194
1610476800,22.0,0.192
1610477400,22.1,0.19
1610478000,22.2,0.192
1610478600,22.3,0.197
1610479200,22.4,0.195
1610479800,22.5,0.193
1610480400,22.6,0.19
1610481000,22.7,0.188
1610481600,22.8,0.19
1610482200,22.9,0.187
1610482800,23.0,0.185
1610483400,23.1,0.183
1610484000,23.2,0.184
1610484600,23.3,0.182
1610485200,23.4,0.187
1610485800,23.5,0.185
1610486400,23.6,0.19
1610487000,23.7,0.196
1610487600,23.8,0.193
1610488200,23.9,0.191
1610488800,24.0,0.196
1610489400,24.1,0.198
1610490000,24.2,0.195
1610490600,24.3,0.197
1610491200,24.4,0.198
1610491800,24.5,0.195
1610492400,24.6,0.201
1610493000,24.7,0.202
1610493600,24.8,0.199
1610494200,24.9,0.201
1610494800,25.0,0.202
1610495400,25.1,0.207
1610496000,25.2,0.204
1610496600,25.1,0.209
1610497200,25.0,0.207
1610497800,24.9,0.204
1610498400,24.8,0.202
1610499000,24.7,0.199
1610499600,24.6,0.201
1610500200,24.5,0.198
1610500800,24.4,0.196
1610501400,24.3,0.193
1610502000,24.2,0.191
1610502600,24.1,0.188
1610503200,24.0,0.186
1610503800,23.9,0.184
1610504400,23.8,0.181
1610505000,23.7,0.179
1610505600,23.6,0.177
1610506200,23.5,0.174
1610506800,23.4,0.176
1610507400,23.3,0.173
1610508000,23.2,0.171
1610508600,23.1,0.173
1610509200,23.0,0.174
1610509800,22.9,0.172
1610510400,22.8,0.173
1610511000,22.7,0.171
1610511600,22.6,0.169
1610512200,22.5,0.166
1610512800,22.4,0.164
1610513400,22.3,0.166
1610514000,22.2,0.168
1610514600,22.1,0.165
1610515200,22.0,0.163
1610515800,21.9,0.161
1610516400,21.8,0.167
1610517000,21.7,0.168
1610517600,21.6,0.17
1610518200,21.5,0.176
1610518800,21.4,0.174
1610519400,21.3,0.179
1610520000,21.2,0.181
1610520600,21.1,0.179
1610521200,21.0,0.185
1610521800,20.9,0.183
1610522400,20.8,0.188
1610523000,20.7,0.186
1610523600,20.6,0.192
1610524200,20.5,0.198
1610524800,20.4,0.196
1610525400,20.3,0.194
1610526000,20.2,0.196
1610526600,20.1,0.194
1610527200,20.0,0.196
1610527800,19.9,0.194
1610528400,19.8,0.192
1610529000,19.7,0.198
1610529600,19.6,0.196
1610530200,19.5,0.194
1610530800,19.4,0.196
1610531400,19.3,0.198
1610532000,19.2,0.196
1610532600,19.1,0.198
1610533200,19.0,0.201
1610533800,18.9,0.207
1610534400,18.8,0.205
1610535000,18.7,0.207
1610535600,18.6,0.205
1610536200,18.5,0.203
1610536800,18.4,0.201
1610537400,18.3,0.208
1610538000,18.2,0.206
1610538600,18.1,0.204
1610539200,18.0,0.21
1610539800,17.9,0.209
1610540400,18.0,0.207
1610541000,18.1,0.209
1610541600,18.2,0.211
1610542200,18.3,0.21
1610542800,18.4,0.212
1610543400,18.5,0.214
1610544000,18.6,0.216
1610544600,18.7,0.215
1610545200,18.8,0.213
1610545800,18.9,0.211
1610546400,19.0,0.209
1610547000,19.1,0.207
1610547600,19.2,0.213
1610548200,19.3,0.215
1610548800,19.4,0.217
1610549400,19.5,0.215
1610550000,19.6,0.214
1610550600,19.7,0.212
1610551200,19.8,0.21
1610551800,19.9,0.208
1610552400,20.0,0.206
1610553000,20.1,0.204
1610553600,20.2,0.202
1610554200,20.3,0.204
1610554800,20.4,0.206
1610555400,20.5,0.203
1610556000,20.6,0.201
1610556600,20.7,0.203
1610557200,20.8,0.201
1610557800,20.9,0.207
1610558400,21.0,0.205
1610559000,21.1,0.211
1610559600,21.2,0.209
1610560200,21.3,0.207
1610560800,21.4,0.204
1610561400,21.5,0.202
1610562000,21.6,0.2
1610562600,21.7,0.198
1610563200,21.8,0.2
1610563800,21.9,0.205
1610564400,22.0,0.207
1610565000,22.1,0.213
1610565600,22.2,0.211
1610566200,22.3,0.216
1610566800,22.4,0.214
1610567400,22.5,0.219
1610568000,22.6,0.217
1610568600,22.7,0.215
1610569200,22.8,0.213
1610569800,22.9,0.21
1610570400,23.0,0.208
1610571000,23.1,0.206
1610571600,23.2,0.203
1610572200,23.3,0.205
1610572800,23.4,0.206
1610573400,23.5,0.204
1610574000,23.6,0.206
1610574600,23.7,0.211
1610575200,23.8,0.208
1610575800,23.9,0.206
1610576400,24.0,0.204
1610577000,24.1,0.201
1610577600,24.2,0.206
1610578200,24.3,0.204
1610578800,24.4,0.205
1610579400,24.5,0.203
1610580000,24.6,0.201
1610580600,24.7,0.202
1610581200,24.8,0.199
1610581800,24.9,0.197
1610582400,25.0,0.198
1610583000,24.9,0.196
1610583600,24.8,0.193
1610584200,24.7,0.191
1610584800,24.6,0.188
1610585400,24.5,0.193
1610586000,24.4,0.191
1610586600,24.3,0.196
1610587200,24.2,0.194
1610587800,24.1,0.199
1610588400,24.0,0.204
1610589000,23.9,0.201
1610589600,23.8,0.203
1610590200,23.7,0.2
1610590800,23.6,0.202
1610591400,23.5,0.203
1610592000,23.4,0.201
1610592600,23.3,0.199
1610593200,23.2,0.204
1610593800,23.1,0.202
1610594400,23.0,0.199
1610595000,22.9,0.201
1610595600,22.8,0.199
1610596200,22.7,0.196
1610596800,22.6,0.202
1610597400,22.5,0.207
1610598000,22.4,0.205
1610598600,22.3,0.207
1610599200,22.2,0.205
1610599800,22.1,0.202
1610600400,22.0,0.208
1610601000,21.9,0.206
1610601600,21.8,0.207
1610602200,21.7,0.205
1610602800,21.6,0.211
1610603400,21.5,0.217
1610604000,21.4,0.214
1610604600,21.3,0.22
1610605200,21.2,0.226
1610605800,21.1,0.228
1610606400,21.0,0.226
1610607000,20.9,0.223
1610607600,20.8,0.221
1610608200,20.7,0.227
1610608800,20.6,0.229
1610609400,20.5,0.227
1610610000,20.4,0.225
1610610600,20.3,0.223
1610611200,20.2,0.221
1610611800,20.1,0.219
1610612400,20.0,0.217
1610613000,19.9,0.219
1610613600,19.8,0.225
1610614200,19.7,0.227
1610614800,19.6,0.229
1610615400,19.5,0.231
1610616000,19.4,0.229
1610616600,19.3,0.227
1610617200,19.2,0.225
1610617800,19.1,0.223
1610618400,19.0,0.229
1610619000,18.9,0.228
1610619600,18.8,0.234
1610620200,18.7,0.232
1610620800,18.6,0.23
1610621400,18.5,0.232
1610622000,18.4,0.234
1610622600,18.3,0.233
1610623200,18.2,0.231
1610623800,18.1,0.233
1610624400,18.0,0.235
1610625000,17.9,0.234
1610625600,17.8,0.232
1610626200,17.7,0.23
1610626800,17.8,0.232
1610627400,17.9,0.231
1610628000,18.0,0.237
1610628600,18.1,0.235
1610629200,18.2,0.233
1610629800,18.3,0.232
1610630400,18.4,0.23
1610631000,18.5,0.228
1610631600,18.6,0.226
1610632200,18.7,0.224
1610632800,18.8,0.226
1610633400,18.9,0.224
1610634000,19.0,0.223
1610634600,19.1,0.221
1610635200,19.2,0.219
1610635800,19.3,0.217
1610636400,19.4,0.215
1610637000,19.5,0.213
1610637600,19.6,0.211
1610638200,19.7,0.217
1610638800,19.8,0.215
1610639400,19.9,0.221
1610640000,20.0,0.219
1610640600,20.1,0.217
1610641200,20.2,0.215
1610641800,20.3,0.213
1610642400,20.4,0.211
1610643000,20.5,0.209
1610643600,20.6,0.207
1610644200,20.7,0.205
1610644800,20.8,0.211
1610645400,20.9,0.217
1610646000,21.0,0.219
1610646600,21.1,0.216
1610647200,21.2,0.222
1610647800,21.3,0.22
1610648400,21.4,0.218
1610649000,21.5,0.216
1610649600,21.6,0.214
1610650200,21.7,0.212
1610650800,21.8,0.209
1610651400,21.9,0.207
1610652000,22.0,0.213
1610652600,22.1,0.211
1610653200,22.2,0.212
1610653800,22.3,0.21
1610654400,22.4,0.208
1610655000,22.5,0.206
1610655600,22.6,0.203
1610656200,22.7,0.201
1610656800,22.8,0.199
1610657400,22.9,0.197
1610658000,23.0,0.194
1610658600,23.1,0.192
1610659200,23.2,0.19
1610659800,23.3,0.187
1610660400,23.4,0.185
1610661000,23.5,0.183
1610661600,23.6,0.18
1610662200,23.7,0.178
1610662800,23.8,0.176
1610663400,23.9,0.173
1610664000,24.0,0.171
1610664600,24.1,0.168
1610665200,24.2,0.166
1610665800,24.3,0.164
1610666400,24.4,0.161
1610667000,24.5,0.159
1610667600,24.6,0.156
1610668200,24.7,0.154
1610668800,24.8,0.159
1610669400,24.7,0.164
1610670000,24.6,0.169
1610670600,24.5,0.167
1610671200,24.4,0.172
1610671800,24.3,0.173
1610672400,24.2,0.171
1610673000,24.1,0.168
1610673600,24.0,0.166
1610674200,23.9,0.171
1610674800,23.8,0.176
1610675400,23.7,0.174
1610676000,23.6,0.171
1610676600,23.5,0.169
1610677200,23.4,0.167
1610677800,23.3,0.168
1610678400,23.2,0.173
1610679000,23.1,0.179
1610679600,23.0,0.18
1610680200,22.9,0.178
1610680800,22.8,0.176
1610681400,22.7,0.177
1610682000,22.6,0.183
1610682600,22.5,0.188
1610683200,22.4,0.194
1610683800,22.3,0.192
1610684400,22.2,0.189
1610685000,22.1,0.187
1610685600,22.0,0.185
1610686200,21.9,0.183
1610686800,21.8,0.181
1610687400,21.7,0.178
1610688000,21.6,0.176
1610688600,21.5,0.174
1610689200,21.4,0.172
1610689800,21.3,0.17
1610690400,21.2,0.175
1610691000,21.1,0.173
1610691600,21.0,0.171
1610692200,20.9,0.177
1610692800,20.8,0.175
1610693400,20.7,0.173
1610694000,20.6,0.171
1610694600,20.5,0.177
1610695200,20.4,0.175
1610695800,20.3,0.181
1610696400,20.2,0.186
1610697000,20.1,0.184
1610697600,20.0,0.186
1610698200,19.9,0.188
1610698800,19.8,0.186
1610699400,19.7,0.188
1610700000,19.6,0.187
1610700600,19.5,0.189
1610701200,19.4,0.187
1610701800,19.3,0.185
1610702400,19.2,0.183
1610703000,19.1,0.181
1610703600,19.0,0.183
1610704200,18.9,0.181
1610704800,18.8,0.179
1610705400,18.7,0.181
1610706000,18.6,0.179
1610706600,18.5,0.178
1610707200,18.4,0.176
1610707800,18.3,0.178
1610708400,18.2,0.184
1610709000,18.1,0.187
1610709600,18.0,0.185
1610710200,17.9,0.183
1610710800,17.8,0.181
1610711400,17.7,0.179
1610712000,17.6,0.178
1610712600,17.5,0.176
1610713200,17.6,0.174
1610713800,17.7,0.172
1610714400,17.8,0.175
1610715000,17.9,0.173
1610715600,18.0,0.171
1610716200,18.1,0.169
1610716800,18.2,0.168
1610717400,18.3,0.166
1610718000,18.4,0.164
1610718600,18.5,0.17
1610719200,18.6,0.168
1610719800,18.7,0.167
1610720400,18.8,0.165
1610721000,18.9,0.163
1610721600,19.0,0.165
1610722200,19.1,0.163
1610722800,19.2,0.169
1610723400,19.3,0.171
1610724000,19.4,0.173
1610724600,19.5,0.172
1610725200,19.6,0.178
1610725800,19.7,0.184
1610726400,19.8,0.182
1610727000,19.9,0.188
1610727600,20.0,0.194
1610728200,20.1,0.196
1610728800,20.2,0.194
1610729400,20.3,0.192
1610730000,20.4,0.194
1610730600,20.5,0.2
1610731200,20.6,0.202
1610731800,20.7,0.199
1610732400,20.8,0.201
1610733000,20.9,0.203
1610733600,21.0,0.205
1610734200,21.1,0.203
1610734800,21.2,0.201
1610735400,21.3,0.207
1610736000,21.4,0.212
1610736600,21.5,0.21
1610737200,21.6,0.208
1610737800,21.7,0.21
1610738400,21.8,0.216
1610739000,21.9,0.213
1610739600,22.0,0.215
1610740200,22.1,0.213
1610740800,22.2,0.211
1610741400,22.3,0.208
1610742000,22.4,0.214
1610742600,22.5,0.212
1610743200,22.6,0.21
1610743800,22.7,0.207
1610744400,22.8,0.213
1610745000,22.9,0.218
1610745600,23.0,0.224
1610746200,23.1,0.221
1610746800,23.2,0.227
1610747400,23.3,0.224
1610748000,23.4,0.222
1610748600,23.5,0.22
1610749200,23.6,0.217
1610749800,23.7,0.215
1610750400,23.8,0.213
1610751000,23.9,0.214
1610751600,24.0,0.212
1610752200,24.1,0.209
1610752800,24.2,0.207
1610753400,24.3,0.212
1610754000,24.4,0.217
1610754600,24.5,0.215
1610755200,24.6,0.212
1610755800,24.5,0.214
1610756400,24.4,0.215
1610757000,24.3,0.212
1610757600,24.2,0.21
1610758200,24.1,0.211
1610758800,24.0,0.209
1610759400,23.9,0.214
1610760000,23.8,0.212
1610760600,23.7,0.213
1610761200,23.6,0.211
1610761800,23.5,0.216
1610762400,23.4,0.214
1610763000,23.3,0.211
1610763600,23.2,0.209
1610764200,23.1,0.214
1610764800,23.0,0.212
1610765400,22.9,0.21
1610766000,22.8,0.211
1610766600,22.7,0.209
1610767200,22.6,0.207
1610767800,22.5,0.205
1610768400,22.4,0.202
1610769000,22.3,0.2
1610769600,22.2,0.198
1610770200,22.1,0.196
1610770800,22.0,0.193
1610771400,21.9,0.191
1610772000,21.8,0.197
1610772600,21.7,0.195
1610773200,21.6,0.192
1610773800,21.5,0.194
1610774400,21.4,0.2
1610775000,21.3,0.198
1610775600,21.2,0.196
1610776200,21.1,0.194
1610776800,21.0,0.195
1610777400,20.9,0.193
1610778000,20.8,0.191
1610778600,20.7,0.189
1610779200,20.6,0.187
1610779800,20.5,0.185
1610780400,20.4,0.183
1610781000,20.3,0.181
1610781600,20.2,0.179
1610782200,20.1,0.177
1610782800,20.0,0.175
1610783400,19.9,0.173
1610784000,19.8,0.179
1610784600,19.7,0.177
1610785200,19.6,0.179
1610785800,19.5,0.181
1610786400,19.4,0.179
1610787000,19.3,0.177
1610787600,19.2,0.175
1610788200,19.1,0.177
1610788800,19.0,0.179
1610789400,18.9,0.178
1610790000,18.8,0.176
1610790600,18.7,0.174
1610791200,18.6,0.172
1610791800,18.5,0.17
1610792400,18.4,0.168
1610793000,18.3,0.166
1610793600,18.2,0.165
1610794200,18.1,0.171
1610794800,18.0,0.173
1610795400,17.9,0.175
1610796000,17.8,0.174
1610796600,17.7,0.172
1610797200,17.6,0.17
1610797800,17.5,0.168
1610798400,17.4,0.167
1610799000,17.3,0.165
1610799600,17.4,0.163
1610800200,17.5,0.161
1610800800,17.6,0.16
1610801400,17.7,0.158
1610802000,17.8,0.156
1610802600,17.9,0.158
1610803200,18.0,0.157
1610803800,18.1,0.163
1610804400,18.2,0.169
1610805000,18.3,0.168
1610805600,18.4,0.166
1610806200,18.5,0.164
1610806800,18.6,0.166
1610807400,18.7,0.172
1610808000,18.8,0.171
1610808600,18.9,0.169
1610809200,19.0,0.175
1610809800,19.1,0.173
1610810400,19.2,0.171
1610811000,19.3,0.169
1610811600,19.4,0.167
1610812200,19.5,0.173
1610812800,19.6,0.179
1610813400,19.7,0.178
1610814000,19.8,0.184
1610814600,19.9,0.186
1610815200,20.0,0.184
1610815800,20.1,0.19
1610816400,20.2,0.196
1610817000,20.3,0.194
1610817600,20.4,0.192
1610818200,20.5,0.19
1610818800,20.6,0.191
1610819400,20.7,0.193
1610820000,20.8,0.191
1610820600,20.9,0.189
1610821200,21.0,0.195
1610821800,21.1,0.193
1610822400,21.2,0.191
1610823000,21.3,0.189
1610823600,21.4,0.19
1610824200,21.5,0.188
1610824800,21.6,0.19
1610825400,21.7,0.188
1610826000,21.8,0.186
1610826600,21.9,0.184
1610827200,22.0,0.181
1610827800,22.1,0.187
1610828400,22.2,0.185
1610829000,22.3,0.19
1610829600,22.4,0.188
1610830200,22.5,0.186
1610830800,22.6,0.184
1610831400,22.7,0.181
1610832000,22.8,0.183
1610832600,22.9,0.181
1610833200,23.0,0.182
1610833800,23.1,0.18
1610834400,23.2,0.178
1610835000,23.3,0.183
1610835600,23.4,0.181
1610836200,23.5,0.186
1610836800,23.6,0.184
1610837400,23.7,0.181
1610838000,23.8,0.183
1610838600,23.9,0.18
1610839200,24.0,0.178
1610839800,24.1,0.176
1610840400,24.2,0.173
1610841000,24.3,0.171
1610841600,24.4,0.168
1610842200,24.3,0.166
1610842800,24.2,0.163
1610843400,24.1,0.161
1610844000,24.0,0.159
1610844600,23.9,0.164
1610845200,23.8,0.169
1610845800,23.7,0.17
1610846400,23.6,0.172
1610847000,23.5,0.17
1610847600,23.4,0.171
1610848200,23.3,0.169
1610848800,23.2,0.166
1610849400,23.1,0.164
1610850000,23.0,0.169
1610850600,22.9,0.175
1610851200,22.8,0.173
1610851800,22.7,0.178
1610852400,22.6,0.183
1610853000,22.5,0.189
1610853600,22.4,0.187
1610854200,22.3,0.184
1610854800,22.2,0.182
1610855400,22.1,0.18
1610856000,22.0,0.186
1610856600,21.9,0.191
1610857200,21.8,0.193
1610857800,21.7,0.199
1610858400,21.6,0.196
1610859000,21.5,0.194
1610859600,21.4,0.192
1610860200,21.3,0.19
1610860800,21.2,0.188
1610861400,21.1,0.186
1610862000,21.0,0.191
1610862600,20.9,0.193
1610863200,20.8,0.199
1610863800,20.7,0.205
1610864400,20.6,0.207
1610865000,20.5,0.209
1610865600,20.4,0.215
1610866200,20.3,0.213
1610866800,20.2,0.211
1610867400,20.1,0.209
1610868000,20.0,0.207
1610868600,19.9,0.213
1610869200,19.8,0.219
1610869800,19.7,0.217
1610870400,19.6,0.215
1610871000,19.5,0.221
1610871600,19.4,0.219
1610872200,19.3,0.217
1610872800,19.2,0.215
1610873400,19.1,0.213
1610874000,19.0,0.211
1610874600,18.9,0.213
1610875200,18.8,0.211
1610875800,18.7,0.213
1610876400,18.6,0.212
1610877000,18.5,0.21
1610877600,18.4,0.208
1610878200,18.3,0.21
1610878800,18.2,0.216
1610879400,18.1,0.215
1610880000,18.0,0.213
1610880600,17.9,0.211
1610881200,17.8,0.217
1610881800,17.7,0.216
1610882400,17.6,0.214
1610883000,17.5,0.216
1610883600,17.4,0.215
1610884200,17.3,0.213
1610884800,17.2,0.211
1610885400,17.1,0.213
1610886000,17.2,0.212
1610886600,17.3,0.21
1610887200,17.4,0.208
1610887800,17.5,0.211
1610888400,17.6,0.213
1610889000,17.7,0.211
1610889600,17.8,0.218
1610890200,17.9,0.216
1610890800,18.0,0.214
1610891400,18.1,0.212
1610892000,18.2,0.211
1610892600,18.3,0.209
1610893200,18.4,0.211
1610893800,18.5,0.209
1610894400,18.6,0.207
1610895000,18.7,0.205
1610895600,18.8,0.204
1610896200,18.9,0.206
1610896800,19.0,0.204
1610897400,19.1,0.21
1610898000,19.2,0.208
1610898600,19.3,0.214
1610899200,19.4,0.22
1610899800,19.5,0.227
1610900400,19.6,0.225
1610901000,19.7,0.227
1610901600,19.8,0.225
1610902200,19.9,0.223
1610902800,20.0,0.221
1610903400,20.1,0.227
1610904000,20.2,0.225
1610904600,20.3,0.223
1610905200,20.4,0.221
1610905800,20.5,0.227
1610906400,20.6,0.225
1610907000,20.7,0.223
1610907600,20.8,0.22
1610908200,20.9,0.218
1610908800,21.0,0.216
1610909400,21.1,0.222
1610910000,21.2,0.22
1610910600,21.3,0.222
1610911200,21.4,0.224
1610911800,21.5,0.229
1610912400,21.6,0.227
1610913000,21.7,0.225
1610913600,21.8,0.223
1610914200,21.9,0.228
1610914800,22.0,0.226
1610915400,22.1,0.228
1610916000,22.2,0.226
1610916600,22.3,0.231
1610917200,22.4,0.237
1610917800,22.5,0.239
1610918400,22.6,0.236
1610919000,22.7,0.234
1610919600,22.8,0.239
1610920200,22.9,0.241
1610920800,23.0,0.239
1610921400,23.1,0.236
1610922000,23.2,0.238
1610922600,23.3,0.243
1610923200,23.4,0.241
1610923800,23.5,0.239
1610924400,23.6,0.236
1610925000,23.7,0.234
1610925600,23.8,0.232
1610926200,23.9,0.233
1610926800,24.0,0.234
1610927400,24.1,0.236
1610928000,24.2,0.237
1610928600,24.1,0.242
1610929200,24.0,0.24
1610929800,23.9,0.238
1610930400,23.8,0.235
1610931000,23.7,0.233
1610931600,23.6,0.23
1610932200,23.5,0.228
1610932800,23.4,0.23
1610933400,23.3,0.231
1610934000,23.2,0.233
1610934600,23.1,0.23
1610935200,23.0,0.228
1610935800,22.9,0.226
1610936400,22.8,0.227
1610937000,22.7,0.225
1610937600,22.6,0.223
1610938200,22.5,0.224
1610938800,22.4,0.222
1610939400,22.3,0.228
1610940000,22.2,0.225
1610940600,22.1,0.223
1610941200,22.0,0.221
1610941800,21.9,0.219
1610942400,21.8,0.216
1610943000,21.7,0.214
1610943600,21.6,0.212
1610944200,21.5,0.218
1610944800,21.4,0.224
1610945400,21.3,0.225
1610946000,21.2,0.223
1610946600,21.1,0.225
1610947200,21.0,0.227
1610947800,20.9,0.225
1610948400,20.8,0.223
1610949000,20.7,0.221
1610949600,20.6,0.218
1610950200,20.5,0.216
1610950800,20.4,0.218
1610951400,20.3,0.224
1610952000,20.2,0.222
1610952600,20.1,0.22
1610953200,20.0,0.218
1610953800,19.9,0.224
1610954400,19.8,0.222
1610955000,19.7,0.22
1610955600,19.6,0.218
1610956200,19.5,0.216
1610956800,19.4,0.218
1610957400,19.3,0.216
1610958000,19.2,0.219
1610958600,19.1,0.221
1610959200,19.0,0.219
1610959800,18.9,0.221
1610960400,18.8,0.219
1610961000,18.7,0.217
1610961600,18.6,0.219
1610962200,18.5,0.226
1610962800,18.4,0.224
1610963400,18.3,0.222
1610964000,18.2,0.224
1610964600,18.1,0.222
1610965200,18.0,0.221
1610965800,17.9,0.223
1610966400,17.8,0.229
1610967000,17.7,0.236
1610967600,17.6,0.242
1610968200,17.5,0.24
1610968800,17.4,0.239
1610969400,17.3,0.245
1610970000,17.2,0.243
1610970600,17.1,0.246
1610971200,17.0,0.244
1610971800,16.9,0.242
1610972400,17.0,0.241
1610973000,17.1,0.239
1610973600,17.2,0.246
1610974200,17.3,0.244
1610974800,17.4,0.242
1610975400,17.5,0.24
1610976000,17.6,0.239
1610976600,17.7,0.245
1610977200,17.8,0.243
1610977800,17.9,0.242
1610978400,18.0,0.24
1610979000,18.1,0.242
1610979600,18.2,0.24
1610980200,18.3,0.239
1610980800,18.4,0.237
1610981400,18.5,0.235
1610982000,18.6,0.233
1610982600,18.7,0.235
1610983200,18.8,0.233
1610983800,18.9,0.231
1610984400,19.0,0.234
1610985000,19.1,0.232
1610985600,19.2,0.238
1610986200,19.3,0.24
1610986800,19.4,0.238
1610987400,19.5,0.24
1610988000,19.6,0.238
1610988600,19.7,0.236
1610989200,19.8,0.234
1610989800,19.9,0.232
1610990400,20.0,0.238
1610991000,20.1,0.244
1610991600,20.2,0.242
1610992200,20.3,0.24
1610992800,20.4,0.238
1610993400,20.5,0.24
1610994000,20.6,0.238
1610994600,20.7,0.236
1610995200,20.8,0.234
1610995800,20.9,0.232
1610996400,21.0,0.234
1610997000,21.1,0.232
1610997600,21.2,0.23
1610998200,21.3,0.227
1610998800,21.4,0.229
1610999400,21.5,0.227
1611000000,21.6,0.225
1611000600,21.7,0.227
1611001200,21.8,0.232
1611001800,21.9,0.23
1611002400,22.0,0.232
1611003000,22.1,0.234
1611003600,22.2,0.235
1611004200,22.3,0.233
1611004800,22.4,0.239
1611005400,22.5,0.24
1611006000,22.6,0.246
1611006600,22.7,0.251
1611007200,22.8,0.249
1611007800,22.9,0.251
1611008400,23.0,0.248
1611009000,23.1,0.246
1611009600,23.2,0.244
1611010200,23.3,0.249
1611010800,23.4,0.254
1611011400,23.5,0.26
1611012000,23.6,0.257
1611012600,23.7,0.259
1611013200,23.8,0.264
1611013800,23.9,0.269
1611014400,24.0,0.275
1611015000,23.9,0.28
1611015600,23.8,0.277
1611016200,23.7,0.279
1611016800,23.6,0.276
1611017400,23.5,0.274
1611018000,23.4,0.276
1611018600,23.3,0.273
1611019200,23.2,0.271
1611019800,23.1,0.269
1611020400,23.0,0.266
1611021000,22.9,0.264
1611021600,22.8,0.265
1611022200,22.7,0.263
1611022800,22.6,0.261
1611023400,22.5,0.263
1611024000,22.4,0.26
1611024600,22.3,0.262
1611025200,22.2,0.26
1611025800,22.1,0.265
1611026400,22.0,0.263
1611027000,21.9,0.269
1611027600,21.8,0.266
1611028200,21.7,0.264
1611028800,21.6,0.27
1611029400,21.5,0.272
1611030000,21.4,0.277
1611030600,21.3,0.275
1611031200,21.2,0.273
1611031800,21.1,0.275
1611032400,21.0,0.273
1611033000,20.9,0.271
1611033600,20.8,0.269
1611034200,20.7,0.275
1611034800,20.6,0.272
1611035400,20.5,0.27
1611036000,20.4,0.268
1611036600,20.3,0.27
1611037200,20.2,0.268
1611037800,20.1,0.266
1611038400,20.0,0.272
1611039000,19.9,0.27
1611039600,19.8,0.268
1611040200,19.7,0.274
1611040800,19.6,0.276
1611041400,19.5,0.278
1611042000,19.4,0.276
1611042600,19.3,0.274
1611043200,19.2,0.281
1611043800,19.1,0.279
1611044400,19.0,0.277
1611045000,18.9,0.283
1611045600,18.8,0.281
1611046200,18.7,0.279
1611046800,18.6,0.285
1611047400,18.5,0.292
1611048000,18.4,0.29
1611048600,18.3,0.288
1611049200,18.2,0.29
1611049800,18.1,0.288
1611050400,18.0,0.287
1611051000,17.9,0.293
1611051600,17.8,0.291
1611052200,17.7,0.29
1611052800,17.6,0.288
1611053400,17.5,0.286
1611054000,17.4,0.292
1611054600,17.3,0.291
1611055200,17.2,0.293
1611055800,17.1,0.291
1611056400,17.0,0.29
1611057000,16.9,0.292
1611057600,16.8,0.299
1611058200,16.7,0.301
1611058800,16.8,0.304
1611059400,16.9,0.302
1611060000,17.0,0.3
1611060600,17.1,0.299
1611061200,17.2,0.305
1611061800,17.3,0.312
1611062400,17.4,0.31
1611063000,17.5,0.317
1611063600,17.6,0.319
1611064200,17.7,0.321
1611064800,17.8,0.32
1611065400,17.9,0.318
1611066000,18.0,0.316
1611066600,18.1,0.314
1611067200,18.2,0.312
1611067800,18.3,0.315
1611068400,18.4,0.313
1611069000,18.5,0.311
1611069600,18.6,0.317
1611070200,18.7,0.315
1611070800,18.8,0.314
1611071400,18.9,0.312
1611072000,19.0,0.318
1611072600,19.1,0.316
1611073200,19.2,0.314
1611073800,19.3,0.32
1611074400,19.4,0.322
1611075000,19.5,0.328
1611075600,19.6,0.331
1611076200,19.7,0.333
1611076800,19.8,0.339
1611077400,19.9,0.345
1611078000,20.0,0.351
1611078600,20.1,0.349
1611079200,20.2,0.347
1611079800,20.3,0.345
1611080400,20.4,0.343
1611081000,20.5,0.345
1611081600,20.6,0.343
1611082200,20.7,0.341
1611082800,20.8,0.342
1611083400,20.9,0.34
1611084000,21.0,0.346
1611084600,21.1,0.348
1611085200,21.2,0.346
1611085800,21.3,0.344
1611086400,21.4,0.346
1611087000,21.5,0.347
1611087600,21.6,0.349
1611088200,21.7,0.347
1611088800,21.8,0.349
1611089400,21.9,0.35
1611090000,22.0,0.348
1611090600,22.1,0.354
1611091200,22.2,0.352
1611091800,22.3,0.353
1611092400,22.4,0.351
1611093000,22.5,0.349
1611093600,22.6,0.347
1611094200,22.7,0.348
1611094800,22.8,0.354
1611095400,22.9,0.351
1611096000,23.0,0.353
1611096600,23.1,0.355
1611097200,23.2,0.356
1611097800,23.3,0.361
1611098400,23.4,0.359
1611099000,23.5,0.357
1611099600,23.6,0.354
1611100200,23.7,0.36
1611100800,23.8,0.357
1611101400,23.7,0.359
1611102000,23.6,0.364
1611102600,23.5,0.362
1611103200,23.4,0.359
1611103800,23.3,0.357
1611104400,23.2,0.362
1611105000,23.1,0.36
1611105600,23.0,0.365
1611106200,22.9,0.363
1611106800,22.8,0.361
1611107400,22.7,0.362
1611108000,22.6,0.368
1611108600,22.5,0.366
1611109200,22.4,0.363
1611109800,22.3,0.361
1611110400,22.2,0.363
1611111000,22.1,0.36
1611111600,22.0,0.358
1611112200,21.9,0.36
1611112800,21.8,0.358
1611113400,21.7,0.356
1611114000,21.6,0.353
1611114600,21.5,0.351
1611115200,21.4,0.349
1611115800,21.3,0.351
1611116400,21.2,0.349
1611117000,21.1,0.347
1611117600,21.0,0.345
1611118200,20.9,0.342
1611118800,20.8,0.344
1611119400,20.7,0.342
1611120000,20.6,0.344
1611120600,20.5,0.35
1611121200,20.4,0.348
1611121800,20.3,0.346
1611122400,20.2,0.352
1611123000,20.1,0.358
1611123600,20.0,0.356
1611124200,19.9,0.354
1611124800,19.8,0.356
1611125400,19.7,0.362
1611126000,19.6,0.36
1611126600,19.5,0.358
1611127200,19.4,0.36
1611127800,19.3,0.358
1611128400,19.2,0.36
1611129000,19.1,0.358
1611129600,19.0,0.36
1611130200,18.9,0.358
1611130800,18.8,0.365
1611131400,18.7,0.363
1611132000,18.6,0.361
1611132600,18.5,0.359
1611133200,18.4,0.357
1611133800,18.3,0.355
1611134400,18.2,0.354
1611135000,18.1,0.356
1611135600,18.0,0.362
1611136200,17.9,0.369
1611136800,17.8,0.371
1611137400,17.7,0.369
1611138000,17.6,0.367
1611138600,17.5,0.366
1611139200,17.4,0.364
1611139800,17.3,0.362
1611140400,17.2,0.369
1611141000,17.1,0.371
1611141600,17.0,0.374
1611142200,16.9,0.372
1611142800,16.8,0.374
1611143400,16.7,0.377
1611144000,16.6,0.379
1611144600,16.5,0.378
1611145200,16.6,0.384
1611145800,16.7,0.387
1611146400,16.8,0.389
1611147000,16.9,0.388
1611147600,17.0,0.39
1611148200,17.1,0.388
1611148800,17.2,0.395
1611149400,17.3,0.393
1611150000,17.4,0.392
1611150600,17.5,0.39
1611151200,17.6,0.388
1611151800,17.7,0.386
1611152400,17.8,0.385
1611153000,17.9,0.383
1611153600,18.0,0.381
1611154200,18.1,0.379
1611154800,18.2,0.377
1611155400,18.3,0.376
1611156000,18.4,0.382
1611156600,18.5,0.38
1611157200,18.6,0.382
1611157800,18.7,0.38
1611158400,18.8,0.379
1611159000,18.9,0.377
1611159600,19.0,0.375
1611160200,19.1,0.377
1611160800,19.2,0.379
1611161400,19.3,0.381
1611162000,19.4,0.387
1611162600,19.5,0.389
1611163200,19.6,0.391
1611163800,19.7,0.389
1611164400,19.8,0.388
1611165000,19.9,0.386
1611165600,20.0,0.392
1611166200,20.1,0.398
1611166800,20.2,0.396
1611167400,20.3,0.394
1611168000,20.4,0.391
1611168600,20.5,0.389
1611169200,20.6,0.387
1611169800,20.7,0.385
1611170400,20.8,0.383
1611171000,20.9,0.381
1611171600,21.0,0.379
1611172200,21.1,0.377
1611172800,21.2,0.375
1611173400,21.3,0.373
1611174000,21.4,0.371
1611174600,21.5,0.369
1611175200,21.6,0.366
1611175800,21.7,0.364
1611176400,21.8,0.37
1611177000,21.9,0.375
1611177600,22.0,0.373
1611178200,22.1,0.371
1611178800,22.2,0.369
1611179400,22.3,0.367
1611180000,22.4,0.364
1611180600,22.5,0.362
1611181200,22.6,0.368
1611181800,22.7,0.365
1611182400,22.8,0.363
1611183000,22.9,0.365
1611183600,23.0,0.362
1611184200,23.1,0.36
1611184800,23.2,0.358
1611185400,23.3,0.356
1611186000,23.4,0.357
1611186600,23.5,0.355
1611187200,23.6,0.352
1611187800,23.5,0.35
1611188400,23.4,0.348
1611189000,23.3,0.345
1611189600,23.2,0.351
1611190200,23.1,0.348
1611190800,23.0,0.354
1611191400,22.9,0.359
1611192000,22.8,0.357
1611192600,22.7,0.355
1611193200,22.6,0.352
1611193800,22.5,0.35
1611194400,22.4,0.348
1611195000,22.3,0.346
1611195600,22.2,0.343
1611196200,22.1,0.341
1611196800,22.0,0.347
1611197400,21.9,0.344
1611198000,21.8,0.342
1611198600,21.7,0.34
1611199200,21.6,0.342
1611199800,21.5,0.347
1611200400,21.4,0.349
1611201000,21.3,0.355
1611201600,21.2,0.353
1611202200,21.1,0.351
1611202800,21.0,0.349
1611203400,20.9,0.347
1611204000,20.8,0.344
1611204600,20.7,0.35
1611205200,20.6,0.348
1611205800,20.5,0.346
1611206400,20.4,0.352
1611207000,20.3,0.35
1611207600,20.2,0.348
1611208200,20.1,0.346
1611208800,20.0,0.344
1611209400,19.9,0.342
1611210000,19.8,0.34
1611210600,19.7,0.342
1611211200,19.6,0.34
1611211800,19.5,0.338
1611212400,19.4,0.34
1611213000,19.3,0.338
1611213600,19.2,0.336
1611214200,19.1,0.334
1611214800,19.0,0.332
1611215400,18.9,0.339
1611216000,18.8,0.337
1611216600,18.7,0.335
1611217200,18.6,0.333
1611217800,18.5,0.331
1611218400,18.4,0.329
1611219000,18.3,0.336
1611219600,18.2,0.338
1611220200,18.1,0.34
1611220800,18.0,0.347
1611221400,17.9,0.345
1611222000,17.8,0.347
1611222600,17.7,0.345
1611223200,17.6,0.348
1611223800,17.5,0.346
1611224400,17.4,0.344
1611225000,17.3,0.342
1611225600,17.2,0.341
1611226200,17.1,0.343
1611226800,17.0,0.341
1611227400,16.9,0.348
1611228000,16.8,0.346
1611228600,16.7,0.345
1611229200,16.6,0.351
1611229800,16.5,0.35
1611230400,16.4,0.352
1611231000,16.3,0.35
1611231600,16.4,0.349
1611232200,16.5,0.347
1611232800,16.6,0.35
1611233400,16.7,0.352
1611234000,16.8,0.351
1611234600,16.9,0.349
1611235200,17.0,0.351
1611235800,17.1,0.35
1611236400,17.2,0.352
1611237000,17.3,0.359
1611237600,17.4,0.357
1611238200,17.5,0.355
1611238800,17.6,0.353
1611239400,17.7,0.352
1611240000,17.8,0.354
1611240600,17.9,0.352
1611241200,18.0,0.355
1611241800,18.1,0.353
1611242400,18.2,0.355
1611243000,18.3,0.353
1611243600,18.4,0.355
1611244200,18.5,0.354
1611244800,18.6,0.352
1611245400,18.7,0.35
1611246000,18.8,0.348
1611246600,18.9,0.346
1611247200,19.0,0.348
1611247800,19.1,0.354
1611248400,19.2,0.353
1611249000,19.3,0.351
1611249600,19.4,0.357
1611250200,19.5,0.355
1611250800,19.6,0.357
1611251400,19.7,0.355
1611252000,19.8,0.353
1611252600,19.9,0.355
1611253200,20.0,0.353
1611253800,20.1,0.355
1611254400,20.2,0.353
1611255000,20.3,0.355
1611255600,20.4,0.353
1611256200,20.5,0.351
1611256800,20.6,0.349
1611257400,20.7,0.347
1611258000,20.8,0.353
1611258600,20.9,0.351
1611259200,21.0,0.356
1611259800,21.1,0.354
1611260400,21.2,0.356
1611261000,21.3,0.354
1611261600,21.4,0.352
1611262200,21.5,0.35
1611262800,21.6,0.355
1611263400,21.7,0.353
1611264000,21.8,0.351
1611264600,21.9,0.357
1611265200,22.0,0.355
1611265800,22.1,0.36
1611266400,22.2,0.358
1611267000,22.3,0.356
1611267600,22.4,0.361
1611268200,22.5,0.367
1611268800,22.6,0.368
1611269400,22.7,0.366
1611270000,22.8,0.364
1611270600,22.9,0.362
1611271200,23.0,0.363
1611271800,23.1,0.369
1611272400,23.2,0.366
1611273000,23.3,0.368
1611273600,23.4,0.369
1611274200,23.3,0.367
1611274800,23.2,0.368
1611275400,23.1,0.37
1611276000,23.0,0.375
1611276600,22.9,0.381
1611277200,22.8,0.378
1611277800,22.7,0.376
1611278400,22.6,0.374
1611279000,22.5,0.376
1611279600,22.4,0.373
1611280200,22.3,0.371
1611280800,22.2,0.369
1611281400,22.1,0.367
1611282000,22.0,0.368
1611282600,21.9,0.366
1611283200,21.8,0.364
1611283800,21.7,0.366
1611284400,21.6,0.367
1611285000,21.5,0.365
1611285600,21.4,0.363
1611286200,21.3,0.361
1611286800,21.2,0.363
1611287400,21.1,0.361
1611288000,21.0,0.359
1611288600,20.9,0.356
1611289200,20.8,0.354
1611289800,20.7,0.352
1611290400,20.6,0.35
1611291000,20.5,0.356
1611291600,20.4,0.354
1611292200,20.3,0.352
1611292800,20.2,0.35
1611293400,20.1,0.352
1611294000,20.0,0.358
1611294600,19.9,0.356
1611295200,19.8,0.354
1611295800,19.7,0.356
1611296400,19.6,0.358
1611297000,19.5,0.364
1611297600,19.4,0.362
1611298200,19.3,0.36
1611298800,19.2,0.358
1611299400,19.1,0.356
1611300000,19.0,0.354
1611300600,18.9,0.352
1611301200,18.8,0.359
1611301800,18.7,0.357
1611302400,18.6,0.363
1611303000,18.5,0.361
1611303600,18.4,0.363
1611304200,18.3,0.362
1611304800,18.2,0.36
1611305400,18.1,0.358
1611306000,18.0,0.36
1611306600,17.9,0.358
1611307200,17.8,0.361
1611307800,17.7,0.367
1611308400,17.6,0.374
1611309000,17.5,0.372
1611309600,17.4,0.378
1611310200,17.3,0.377
1611310800,17.2,0.375
1611311400,17.1,0.373
1611312000,17.0,0.372
1611312600,16.9,0.37
1611313200,16.8,0.368
1611313800,16.7,0.366
1611314400,16.6,0.365
1611315000,16.5,0.367
1611315600,16.4,0.37
1611316200,16.3,0.368
1611316800,16.2,0.367
1611317400,16.1,0.365
1611318000,16.2,0.363
1611318600,16.3,0.362
1611319200,16.4,0.36
1611319800,16.5,0.363
1611320400,16.6,0.369
1611321000,16.7,0.376
1611321600,16.8,0.383
1611322200,16.9,0.381
1611322800,17.0,0.388
1611323400,17.1,0.394
1611324000,17.2,0.401
1611324600,17.3,0.403
1611325200,17.4,0.401
1611325800,17.5,0.4
1611326400,17.6,0.402
1611327000,17.7,0.404
1611327600,17.8,0.403
1611328200,17.9,0.409
1611328800,18.0,0.407
1611329400,18.1,0.406
1611330000,18.2,0.404
1611330600,18.3,0.402
1611331200,18.4,0.4
1611331800,18.5,0.398
1611332400,18.6,0.4
1611333000,18.7,0.399
1611333600,18.8,0.397
1611334200,18.9,0.403
1611334800,19.0,0.401
1611335400,19.1,0.407
1611336000,19.2,0.405
1611336600,19.3,0.412
1611337200,19.4,0.41
1611337800,19.5,0.408
1611338400,19.6,0.41
1611339000,19.7,0.408
1611339600,19.8,0.414
1611340200,19.9,0.412
1611340800,20.0,0.41
1611341400,20.1,0.416
1611342000,20.2,0.414
1611342600,20.3,0.412
1611343200,20.4,0.418
1611343800,20.5,0.416
1611344400,20.6,0.414
1611345000,20.7,0.412
1611345600,20.8,0.414
1611346200,20.9,0.419
1611346800,21.0,0.417
1611347400,21.1,0.423
1611348000,21.2,0.421
1611348600,21.3,0.419
1611349200,21.4,0.417
1611349800,21.5,0.418
1611350400,21.6,0.416
1611351000,21.7,0.422
1611351600,21.8,0.42
1611352200,21.9,0.418
1611352800,22.0,0.415
1611353400,22.1,0.413
1611354000,22.2,0.415
1611354600,22.3,0.421
1611355200,22.4,0.418
1611355800,22.5,0.416
1611356400,22.6,0.414
1611357000,22.7,0.415
1611357600,22.8,0.413
1611358200,22.9,0.419
1611358800,23.0,0.416
1611359400,23.1,0.414
1611360000,23.2,0.412
1611360600,23.1,0.409
1611361200,23.0,0.407
1611361800,22.9,0.405
1611362400,22.8,0.406
1611363000,22.7,0.404
1611363600,22.6,0.402
1611364200,22.5,0.4
1611364800,22.4,0.397
1611365400,22.3,0.395
1611366000,22.2,0.397
1611366600,22.1,0.394
1611367200,22.0,0.392
1611367800,21.9,0.39
1611368400,21.8,0.392
1611369000,21.7,0.397
1611369600,21.6,0.395
1611370200,21.5,0.393
1611370800,21.4,0.399
1611371400,21.3,0.397
1611372000,21.2,0.394
1611372600,21.1,0.392
1611373200,21.0,0.39
1611373800,20.9,0.396
1611374400,20.8,0.402
1611375000,20.7,0.4
1611375600,20.6,0.402
1611376200,20.5,0.4
1611376800,20.4,0.406
1611377400,20.3,0.411
1611378000,20.2,0.409
1611378600,20.1,0.415
1611379200,20.0,0.413
1611379800,19.9,0.411
1611380400,19.8,0.417
1611381000,19.7,0.419
1611381600,19.6,0.417
1611382200,19.5,0.42
1611382800,19.4,0.422
1611383400,19.3,0.42
1611384000,19.2,0.418
1611384600,19.1,0.424
1611385200,19.0,0.422
1611385800,18.9,0.42
1611386400,18.8,0.418
1611387000,18.7,0.416
1611387600,18.6,0.418
1611388200,18.5,0.417
1611388800,18.4,0.419
1611389400,18.3,0.425
1611390000,18.2,0.432
1611390600,18.1,0.43
1611391200,18.0,0.428
1611391800,17.9,0.43
1611392400,17.8,0.428
1611393000,17.7,0.427
1611393600,17.6,0.425
1611394200,17.5,0.431
1611394800,17.4,0.438
1611395400,17.3,0.436
1611396000,17.2,0.438
1611396600,17.1,0.445
1611397200,17.0,0.452
1611397800,16.9,0.45
1611398400,16.8,0.452
1611399000,16.7,0.451
1611399600,16.6,0.449
1611400200,16.5,0.452
